db_index	motif_id	motif_alt_id	consensus	E-value	adj_p-value	log_adj_p-value	bin_location	bin_width	total_width	sites_in_bin	total_sites	p_success	p-value	mult_tests	neg_sites_in_bin	neg_sites	neg_adj_pvalue	log_neg_adj_pvalue	fisher_adj_pvalue	log_fisher_adj_pvalue
   1	MA0516.1	SP2	GYCCCGCCYCYBSSS	3.0e-178	   5.2e-181	        -415.12	       940.0	    106.0	       1986	         700	       3674	  0.05337	2.6e-187	   1971102	        1324	       7577	2.7e-305	        -701.30	1.0e0	           0.00	
   1	MA0079.3	SP1	GCCCCKCCCCC	5.5e-143	   9.6e-146	        -333.92	       952.5	     85.0	       1990	         566	       3653	  0.04271	4.8e-152	   1979052	        1049	       7549	2.7e-234	        -537.82	1.0e0	           0.00	
   1	MA0599.1	KLF5	GCCCCDCCCH	6.4e-127	   1.1e-129	        -296.94	       940.0	    111.0	       1991	         626	       3655	  0.05575	5.5e-136	   1983033	        1214	       7534	6.9e-231	        -529.97	1.0e0	           0.00	
   1	MA0741.1	KLF16	GMCACGCCCCC	1.8e-123	   3.1e-126	        -288.98	       929.0	    132.0	       1990	         685	       3648	  0.06633	1.6e-132	   1979052	        1327	       7542	3.2e-221	        -507.70	1.0e0	           0.00	
   1	MA0685.1	SP4	BWRGCCACGCCCMCTYH	8.5e-116	   1.5e-118	        -271.32	       935.5	    113.0	       1984	         441	       2101	  0.05696	7.5e-125	   1967133	         898	       4221	2.2e-249	        -572.53	1.0e0	           0.00	
   1	MA0740.1	KLF14	KRCCACGCCCMCYT	4.0e-111	   6.9e-114	        -260.56	       923.5	    140.0	       1987	         633	       3224	  0.07046	3.5e-120	   1975075	        1228	       6638	3.7e-202	        -463.80	1.0e0	           0.00	
   1	MA0506.1	NRF1	GCGCVTGCGCR	4.4e-110	   7.5e-113	        -258.17	       929.0	    132.0	       1990	         570	       2901	  0.06633	3.8e-119	   1979052	        1117	       5920	2.3e-210	        -482.73	1.0e0	           0.00	
   1	MA0746.1	SP3	VCCACGCCCMC	4.8e-102	   8.3e-105	        -239.66	       928.0	    134.0	       1990	         652	       3688	  0.06734	4.2e-111	   1979052	        1252	       7632	3.8e-177	        -406.21	1.0e0	           0.00	
   1	MA0470.1	E2F4	GGGCGGGAARN	1.1e-86	   1.9e-89	        -204.30	       914.5	    161.0	       1990	         595	       2924	  0.08090	9.5e-96	   1979052	        1151	       6001	1.2e-156	        -359.04	1.0e0	           0.00	
   1	MA0747.1	SP8	RCCACGCCCMCY	2.2e-72	   3.8e-75	        -171.35	       921.0	    145.0	       1989	         616	       3679	  0.07290	1.9e-81	   1979052	        1188	       7623	2.9e-126	        -289.06	1.0e0	           0.00	
   1	MA1122.1	TFDP1	VSGCGGGAAVN	8.8e-72	   1.5e-74	        -169.97	       920.5	    141.0	       1990	         599	       3648	  0.07085	7.7e-81	   1979052	        1213	       7506	2.0e-149	        -342.38	1.0e0	           0.00	
   1	MA0732.1	EGR3	HHMCGCCCACGCAHH	1.6e-62	   2.7e-65	        -148.67	       922.0	    142.0	       1986	         405	       2134	  0.07150	1.4e-71	   1971102	         780	       4237	2.4e-122	        -280.03	1.0e0	           0.00	
   1	MA0472.2	EGR2	MCGCCCACGCA	2.0e-58	   3.5e-61	        -139.20	       922.5	    143.0	       1990	         482	       2855	  0.07186	1.8e-67	   1979052	         969	       5819	4.1e-123	        -281.80	1.0e0	           0.00	
   1	MA1102.1	CTCFL	CRSCAGGGGGCRSB	4.2e-55	   7.3e-58	        -131.56	       933.5	    120.0	       1987	         489	       3517	  0.06039	3.7e-64	   1975075	         964	       7274	2.2e-106	        -243.28	1.0e0	           0.00	
   1	MA0632.1	Tcfl5	NBCDCGHGVN	4.0e-53	   6.8e-56	        -127.02	       932.5	    126.0	       1991	         507	       3597	  0.06328	3.4e-62	   1983033	         960	       7434	2.0e-88	        -201.96	1.0e0	           0.00	
   1	MA0742.1	Klf12	GRCCACGCCCWHHWH	9.6e-53	   1.7e-55	        -126.13	       923.0	    140.0	       1986	         475	       2965	  0.07049	8.4e-62	   1971102	         868	       6044	3.0e-80	        -183.12	1.0e0	           0.00	
   1	MA0733.1	EGR4	NHMCGCCCACGCAHWT	4.6e-47	   8.0e-50	        -113.05	       928.0	    127.0	       1985	         496	       3612	  0.06398	4.1e-56	   1971102	         938	       7435	1.2e-78	        -179.42	1.0e0	           0.00	
   1	MA0493.1	Klf1	RRCCACACCCW	1.6e-42	   2.7e-45	        -102.63	       927.0	    130.0	       1990	         488	       3588	  0.06533	1.4e-51	   1979052	         922	       7419	1.3e-69	        -158.64	1.0e0	           0.00	
   1	MA0527.1	ZBTB33	BTCTCGCGAGABYTS	1.4e-40	   2.4e-43	         -98.12	       905.5	    175.0	       1986	         415	       2180	  0.08812	1.2e-49	   1971102	         842	       4472	3.2e-90	        -206.08	1.0e0	           0.00	
   1	MA0810.1	TFAP2A(var.2)	YGCCCBVRGGCR	4.8e-39	   8.2e-42	         -94.60	       905.0	    175.0	       1989	         595	       3640	  0.08798	4.2e-48	   1979052	        1141	       7508	1.3e-65	        -149.38	1.0e0	           0.00	
   1	MA0750.2	ZBTB7A	NVCCGGAAGTGSV	1.3e-37	   2.2e-40	         -91.30	       940.5	    107.0	       1988	         422	       3682	  0.05382	1.1e-46	   1975075	         909	       7614	2.2e-101	        -231.76	1.0e0	           0.00	
   1	MA0502.1	NFYB	VMMYBRRCCAATCAG	2.8e-30	   4.9e-33	         -74.40	       930.5	    105.0	       1986	         272	       2145	  0.05287	2.5e-39	   1971102	         583	       4686	8.6e-73	        -165.94	1.0e0	           0.00	
   1	MA0765.1	ETV5	ACCGGAWGYN	1.9e-28	   3.2e-31	         -70.22	      -968.5	     54.0	       1991	         249	       3681	  0.02712	1.6e-37	   1983033	         452	       7620	6.4e-45	        -101.77	1.0e0	           0.00	
   1	MA0131.2	HINFP	CARCGTCCGCKN	3.5e-28	   6.0e-31	         -69.59	       897.5	    192.0	       1989	         548	       3249	  0.09653	3.0e-37	   1979052	        1074	       6726	6.9e-53	        -120.11	1.0e0	           0.00	
   1	MA0028.2	ELK1	ACCGGAAGTR	7.4e-27	   1.3e-29	         -66.52	       931.0	    129.0	       1991	         334	       2473	  0.06479	6.5e-36	   1983033	         750	       5221	1.7e-84	        -192.87	1.0e0	           0.00	
   1	MA0751.1	ZIC4	GRCCCCCCGCKGYGH	1.9e-26	   3.3e-29	         -65.58	       899.5	    187.0	       1986	         571	       3563	  0.09416	1.7e-35	   1971102	        1059	       7328	3.5e-37	         -83.95	1.0e0	           0.00	
   1	MA1099.1	Hes1	SVCACGYGHN	1.1e-25	   1.8e-28	         -63.88	      -910.5	    170.0	       1991	         542	       3682	  0.08538	9.2e-35	   1983033	        1076	       7637	1.7e-51	        -116.92	1.0e0	           0.00	
   1	MA0062.2	Gabpa	CCGGAAGTGVV	2.3e-25	   3.9e-28	         -63.10	       932.5	    125.0	       1990	         405	       3387	  0.06281	2.0e-34	   1979052	         924	       7019	4.9e-91	        -207.94	1.0e0	           0.00	
   1	MA0162.3	EGR1	HACGCCCACGCAHW	2.2e-24	   3.8e-27	         -60.83	       922.0	    139.0	       1987	         169	        868	  0.06995	1.9e-33	   1975075	         313	       1601	1.1e-54	        -124.21	1.0e0	           0.00	
   1	MA0872.1	TFAP2A(var.3)	TGCCCYSRGGGCA	3.4e-23	   5.9e-26	         -58.09	       865.0	    258.0	       1988	         572	       2698	  0.12978	3.0e-32	   1975075	        1070	       5508	6.1e-35	         -78.78	1.0e0	           0.00	
   1	MA0076.2	ELK4	BCRCTTCCGGB	4.8e-23	   8.3e-26	         -57.75	       942.5	    105.0	       1990	         359	       3491	  0.05276	4.2e-32	   1979052	         784	       7183	4.2e-73	        -166.65	1.0e0	           0.00	
   1	MA0524.2	TFAP2C	YGCCYBVRGGCA	7.0e-23	   1.2e-25	         -57.38	       905.0	    175.0	       1989	         538	       3639	  0.08798	6.1e-32	   1979052	        1040	       7507	7.5e-41	         -92.39	1.0e0	           0.00	
   1	MA0811.1	TFAP2B	YGCCCBVRGGCA	3.1e-21	   5.3e-24	         -53.59	       895.5	    156.0	       1989	         485	       3613	  0.07843	2.7e-30	   1979052	         933	       7454	7.6e-38	         -85.47	1.0e0	           0.00	
   1	MA0003.3	TFAP2A	HGCCYSAGGCD	1.3e-20	   2.3e-23	         -52.12	       919.5	    149.0	       1990	         468	       3640	  0.07487	1.2e-29	   1979052	         856	       7536	7.4e-27	         -60.17	1.0e0	           0.00	
   1	MA0753.1	ZNF740	MCCCCCCCAC	1.1e-19	   1.9e-22	         -50.03	       941.5	    108.0	       1991	         364	       3622	  0.05424	9.5e-29	   1983033	         695	       7462	1.4e-35	         -80.27	1.0e0	           0.00	
   1	MA0139.1	CTCF	YGRCCASYAGRKGGCRSYR	4.5e-19	   7.8e-22	         -48.60	       933.0	    116.0	       1982	         350	       3211	  0.05853	4.0e-28	   1963168	         627	       6598	2.9e-25	         -56.50	1.0e0	           0.00	
   1	MA0761.1	ETV1	ACCGGAAGTD	5.7e-19	   9.9e-22	         -48.36	      -969.5	     52.0	       1991	         218	       3649	  0.02612	5.0e-28	   1983033	         424	       7535	3.0e-40	         -91.02	1.0e0	           0.00	
   1	MA0764.1	ETV4	ACCGGAAGTR	1.6e-18	   2.8e-21	         -47.32	      -971.0	     49.0	       1991	         209	       3666	  0.02461	1.4e-27	   1983033	         419	       7580	1.2e-43	         -98.85	1.0e0	           0.00	
   1	MA0759.1	ELK3	ACCGGAAGTD	8.0e-18	   1.4e-20	         -45.73	      -970.0	     51.0	       1991	         208	       3545	  0.02562	7.0e-27	   1983033	         431	       7345	2.2e-47	        -107.44	1.0e0	           0.00	
   1	MA0812.1	TFAP2B(var.2)	HGCCTSAGGCD	1.1e-17	   2.0e-20	         -45.38	       888.0	    212.0	       1990	         586	       3535	  0.10653	9.9e-27	   1979052	        1146	       7268	2.3e-34	         -77.44	1.0e0	           0.00	
   1	MA0696.1	ZIC1	GACCCCCYGCTGTG	2.0e-17	   3.5e-20	         -44.79	      -890.0	    197.0	       1987	         336	       1865	  0.09914	1.8e-26	   1975075	         540	       3648	1.6e-14	         -31.77	1.0e0	           0.00	
   1	MA0471.1	E2F6	RGGCGGGARRV	3.7e-17	   6.3e-20	         -44.21	       912.5	    157.0	       1990	         472	       3624	  0.07889	3.2e-26	   1979052	         818	       7434	4.7e-15	         -32.99	1.0e0	           0.00	
   1	MA0815.1	TFAP2C(var.3)	TGCCCYSRGGGCA	3.8e-17	   6.6e-20	         -44.16	       865.0	    258.0	       1988	         501	       2420	  0.12978	3.3e-26	   1975075	         956	       4889	7.6e-32	         -71.66	1.0e0	           0.00	
   1	MA0641.1	ELF4	AACCCGGAAGTR	8.1e-17	   1.4e-19	         -43.41	       940.0	    109.0	       1989	         266	       2434	  0.05480	7.1e-26	   1979052	         572	       5086	2.8e-51	        -116.40	1.0e0	           0.00	
   1	MA0473.2	ELF1	AACCCGGAAGTR	7.0e-16	   1.2e-18	         -41.26	       933.5	    122.0	       1989	         252	       2056	  0.06134	6.1e-25	   1979052	         554	       4260	1.4e-54	        -123.97	1.0e0	           0.00	
   1	MA0813.1	TFAP2B(var.3)	TGCCCYBRGGGCA	5.7e-15	   9.8e-18	         -39.16	       865.0	    258.0	       1988	         500	       2466	  0.12978	5.0e-24	   1975075	         962	       5007	4.0e-29	         -65.39	1.0e0	           0.00	
   1	MA0697.1	ZIC3	GACCCCCCGCTGYGH	1.0e-14	   1.8e-17	         -38.56	       927.5	    125.0	       1986	         338	       3026	  0.06294	9.1e-24	   1971102	         587	       6076	1.1e-17	         -39.05	1.0e0	           0.00	
   1	MA1107.1	KLF9	VSCCACACCCACH	3.0e-13	   5.2e-16	         -35.19	       930.5	    127.0	       1988	         390	       3666	  0.06388	2.6e-22	   1975075	         758	       7584	9.5e-27	         -59.92	1.0e0	           0.00	
   1	MA0156.2	FEV	ACCGGAAGTN	4.9e-13	   8.4e-16	         -34.71	       940.0	    111.0	       1991	         345	       3588	  0.05575	4.2e-22	   1983033	         769	       7415	8.7e-53	        -119.87	1.0e0	           0.00	
   1	MA0615.1	Gmeb1	BHBBKKACGTMMNWNNN	5.8e-13	   1.0e-15	         -34.53	      -887.5	    209.0	       1984	         533	       3337	  0.10534	5.1e-22	   1967133	        1095	       6966	5.3e-34	         -76.61	1.0e0	           0.00	
   1	MA0098.3	ETS1	ACCGGAARTR	2.2e-12	   3.8e-15	         -33.20	       938.0	    115.0	       1991	         351	       3578	  0.05776	1.9e-21	   1983033	         783	       7379	7.5e-52	        -117.72	1.0e0	           0.00	
   1	MA0645.1	ETV6	MSCGGAAGTR	2.5e-12	   4.4e-15	         -33.06	       970.5	     50.0	       1991	         195	       3662	  0.02511	2.2e-21	   1983033	         445	       7574	2.2e-51	        -116.65	1.0e0	           0.00	
   1	MA0475.2	FLI1	ACCGGAARTR	3.0e-12	   5.2e-15	         -32.88	       940.0	    111.0	       1991	         316	       3233	  0.05575	2.6e-21	   1983033	         710	       6695	6.4e-52	        -117.88	1.0e0	           0.00	
   1	MA0823.1	HEY1	GRCACGTGCC	4.8e-12	   8.3e-15	         -32.42	       936.5	    118.0	       1991	         297	       2823	  0.05927	4.2e-21	   1983033	         632	       5764	3.6e-42	         -95.44	1.0e0	           0.00	
   1	MA0760.1	ERF	ACCGGAAGTR	7.3e-12	   1.3e-14	         -32.00	       940.0	    111.0	       1991	         333	       3488	  0.05575	6.4e-21	   1983033	         742	       7152	5.5e-51	        -115.73	1.0e0	           0.00	
   1	MA0604.1	Atf1	RTGACGTA	1.9e-11	   3.3e-14	         -31.04	      -942.5	    108.0	       1993	         277	       2839	  0.05419	1.7e-20	   1987018	         576	       6010	4.5e-32	         -72.17	1.0e0	           0.00	
   1	MA0474.2	ERG	ACCGGAARTV	1.2e-9	   2.0e-12	         -26.94	       940.0	    111.0	       1991	         332	       3596	  0.05575	1.0e-18	   1983033	         744	       7426	1.5e-45	        -103.24	1.0e0	           0.00	
   1	MA0638.1	CREB3	VTGCCACGTCAYCR	1.7e-9	   2.9e-12	         -26.57	       940.5	     98.0	       1987	         171	       1680	  0.04932	1.5e-18	   1975075	         311	       3443	1.7e-17	         -38.60	1.0e0	           0.00	
   1	MA0763.1	ETV3	ACCGGAAGTR	5.6e-9	   9.7e-12	         -25.36	       938.5	    114.0	       1991	         339	       3637	  0.05726	4.9e-18	   1983033	         723	       7567	2.1e-33	         -75.26	1.0e0	           0.00	
   1	MA0602.1	Arid5a	SYAATATTGVDANH	2.0e-8	   3.4e-11	         -24.10	       -64.0	   1213.0	       1987	        2417	       3562	  0.61047	1.7e-17	   1975075	        4759	       7424	6.0e-2	          -2.81	1.0e0	           0.00	
   1	MA0686.1	SPDEF	AMCCGGATGTR	2.6e-8	   4.4e-11	         -23.84	       969.5	     51.0	       1990	         142	       2512	  0.02563	2.2e-17	   1979052	         287	       5209	1.4e-25	         -57.24	1.0e0	           0.00	
   1	MA0060.3	NFYA	RRCCAATCAGM	4.1e-8	   7.1e-11	         -23.37	      -926.5	     99.0	       1990	         295	       3544	  0.04975	3.6e-17	   1979052	         621	       7371	1.4e-29	         -66.45	1.0e0	           0.00	
   1	MA0598.2	EHF	WACCCGGAAGTA	4.1e-8	   7.1e-11	         -23.36	       940.5	    108.0	       1989	         300	       3330	  0.05430	3.6e-17	   1979052	         642	       6890	1.8e-32	         -73.09	1.0e0	           0.00	
   1	MA0693.2	VDR	YRRGTTCA	3.6e-7	   6.2e-10	         -21.21	        22.0	   1465.0	       1993	        2924	       3690	  0.73507	3.1e-16	   1987018	        5925	       7641	5.1e-10	         -21.39	1.0e0	           0.00	
   1	MA0736.1	GLIS2	GACCCCCCGCRAMG	8.6e-7	   1.5e-9	         -20.33	       878.5	    206.0	       1987	         388	       2488	  0.10367	7.5e-16	   1975075	         736	       4968	2.5e-16	         -35.91	1.0e0	           0.00	
   1	MA1106.1	HIF1A	SBACGTGCNN	1.4e-6	   2.5e-9	         -19.82	      -902.5	    186.0	       1991	         420	       3041	  0.09342	1.2e-15	   1983033	         833	       6333	5.9e-17	         -37.37	1.0e0	           0.00	
   1	MA0715.1	PROP1	TAATYWAATTA	2.2e-6	   3.7e-9	         -19.41	         4.0	   1530.0	       1990	        2555	       3091	  0.76884	1.9e-15	   1979052	        5360	       6603	2.7e-11	         -24.33	1.0e0	           0.00	
   1	MA0834.1	ATF7	NDATGACGTCATMV	3.7e-6	   6.3e-9	         -18.88	      -938.5	     92.0	       1987	          79	        633	  0.04630	3.2e-15	   1975075	         154	       1415	1.7e-15	         -34.02	1.0e0	           0.00	
   1	MA0528.1	ZNF263	GGAGGAGGRRGRGGRGGRRGR	3.7e-6	   6.3e-9	         -18.88	       937.5	    105.0	       1980	         310	       3687	  0.05303	3.2e-15	   1959207	         559	       7638	1.0e-7	         -16.08	1.0e0	           0.00	
   1	MA0047.2	Foxa2	TGTTTACWYWGB	4.5e-6	   7.8e-9	         -18.66	      -242.0	   1185.0	       1989	        2313	       3507	  0.59578	4.0e-15	   1979052	        4572	       7339	8.7e-1	          -0.14	1.0e0	           0.00	
   1	MA0851.1	Foxj3	NDAADGTAAACAAANNM	7.4e-6	   1.3e-8	         -18.18	        -1.0	   1014.0	       1984	        2029	       3523	  0.51109	6.5e-15	   1967133	        4042	       7346	1.9e-5	         -10.86	1.0e0	           0.00	
   1	MA0844.1	XBP1	WDKGMCACGTCATC	8.1e-6	   1.4e-8	         -18.08	       947.5	     88.0	       1987	         148	       1681	  0.04429	7.1e-15	   1975075	         246	       3526	1.2e-5	         -11.36	1.0e0	           0.00	
   1	MA0136.2	ELF5	AMSMGGAAGTD	1.8e-5	   3.1e-8	         -17.29	       953.0	     84.0	       1990	         257	       3687	  0.04221	1.6e-14	   1979052	         541	       7640	6.8e-24	         -53.34	1.0e0	           0.00	
   1	MA0052.3	MEF2A	KCTAWAAATAGM	1.9e-5	   3.2e-8	         -17.26	         5.0	   1235.0	       1989	        1931	       2800	  0.62092	1.6e-14	   1979052	        3987	       6012	1.1e-5	         -11.42	1.0e0	           0.00	
   1	MA0006.1	Ahr::Arnt	YGCGTG	1.9e-5	   3.3e-8	         -17.24	       827.0	    329.0	       1995	         782	       3671	  0.16491	1.6e-14	   1991007	        1538	       7610	2.2e-11	         -24.56	1.0e0	           0.00	
   1	MA0762.1	ETV2	AACCGGAAATR	3.3e-5	   5.7e-8	         -16.68	      -969.0	     52.0	       1990	         145	       2794	  0.02613	2.9e-14	   1979052	         268	       5751	1.9e-12	         -26.97	1.0e0	           0.00	
   1	MA1108.1	MXI1	NVVCCACGTGSNB	4.3e-5	   7.3e-8	         -16.43	       919.0	    110.0	       1988	         305	       3528	  0.05533	3.7e-14	   1975075	         553	       7274	2.6e-7	         -15.15	1.0e0	           0.00	
   1	MA0656.1	JDP2(var.2)	GATGACGTCAYC	5.7e-5	   9.9e-8	         -16.13	      -928.5	    114.0	       1989	          81	        564	  0.05732	5.0e-14	   1979052	         160	       1244	5.2e-15	         -32.88	1.0e0	           0.00	
   1	MA0146.2	Zfx	SSSGCCBVGGCCTS	6.5e-5	   1.1e-7	         -16.00	       944.0	     99.0	       1987	         284	       3598	  0.04982	5.7e-14	   1975075	         572	       7440	2.6e-17	         -38.20	1.0e0	           0.00	
   1	MA0151.1	Arid3a	ATYAAA	7.4e-5	   1.3e-7	         -15.87	         2.0	   1651.0	       1995	        3149	       3609	  0.82757	6.4e-14	   1991007	        6375	       7525	9.9e-1	          -0.01	1.0e0	           0.00	
   1	MA0791.1	POU4F3	RTGMATWATTAATGAR	3.0e-4	   5.2e-7	         -14.47	       -16.5	   1090.0	       1985	        2074	       3396	  0.54912	2.6e-13	   1971102	        4141	       7162	5.3e-1	          -0.63	1.0e0	           0.00	
   1	MA0845.1	FOXB1	WATGTAAATAT	3.3e-4	   5.7e-7	         -14.38	       -89.0	    848.0	       1990	        1728	       3552	  0.42613	2.9e-13	   1979052	        3464	       7461	3.2e-5	         -10.34	1.0e0	           0.00	
   1	MA0660.1	MEF2B	RCTAWAAATAGC	3.7e-4	   6.5e-7	         -14.25	        13.0	   1317.0	       1989	        1591	       2167	  0.66214	3.3e-13	   1979052	        3302	       4649	2.3e-6	         -12.99	1.0e0	           0.00	
   1	MA0773.1	MEF2D	DCTAWAAATAGM	4.1e-4	   7.1e-7	         -14.16	         1.5	   1240.0	       1989	        1567	       2252	  0.62343	3.6e-13	   1979052	        3228	       4807	4.0e-6	         -12.43	1.0e0	           0.00	
   1	MA0846.1	FOXC2	WAWGTAAACAWW	4.3e-4	   7.4e-7	         -14.12	      -160.0	   1341.0	       1989	        2648	       3631	  0.67421	3.7e-13	   1979052	        5300	       7546	1.4e-1	          -1.94	1.0e0	           0.00	
   1	MA0148.3	FOXA1	YNBNTGTTTACWYWD	5.2e-4	   9.0e-7	         -13.92	      -252.0	   1164.0	       1986	        2136	       3302	  0.58610	4.6e-13	   1971102	        4259	       6921	5.4e-1	          -0.62	1.0e0	           0.00	
   1	MA0640.1	ELF3	WACCCGGAAGTAR	6.4e-4	   1.1e-6	         -13.72	       932.5	    123.0	       1988	         214	       2078	  0.06187	5.6e-13	   1975075	         463	       4300	6.3e-24	         -53.42	1.0e0	           0.00	
   1	MA0790.1	POU4F1	ATGMATAATTAATG	8.3e-4	   1.4e-6	         -13.46	       -17.5	   1084.0	       1987	        2085	       3443	  0.54555	7.2e-13	   1975075	        4168	       7259	6.3e-1	          -0.46	1.0e0	           0.00	
   1	MA0163.1	PLAG1	GGGGCCCWAGGGGG	1.1e-3	   1.9e-6	         -13.17	       893.0	    201.0	       1987	         391	       2708	  0.10116	9.7e-13	   1975075	         690	       5550	3.4e-2	          -3.39	1.0e0	           0.00	
   1	MA0689.1	TBX20	WAGGTGTGAAR	1.4e-3	   2.4e-6	         -12.94	        46.0	   1466.0	       1990	        2818	       3579	  0.73668	1.2e-12	   1979052	        5767	       7459	4.4e-7	         -14.65	1.0e0	           0.00	
   1	MA0681.1	Phox2b	TAATYYAATTA	1.8e-3	   3.0e-6	         -12.71	      -114.5	    995.0	       1990	        1840	       3280	  0.50000	1.5e-12	   1979052	        3742	       7019	3.1e-2	          -3.46	1.0e0	           0.00	
   1	MA0757.1	ONECUT3	AAAAAATCRATAAH	1.9e-3	   3.2e-6	         -12.65	        91.5	   1534.0	       1987	        2225	       2691	  0.77202	1.6e-12	   1975075	        4634	       5750	4.9e-4	          -7.62	1.0e0	           0.00	
   1	MA0878.1	CDX1	GYMATAAAA	2.0e-3	   3.4e-6	         -12.60	       -49.5	   1041.0	       1992	        2116	       3647	  0.52259	1.7e-12	   1983033	        4142	       7575	1.0e0	          -0.00	1.0e0	           0.00	
   1	MA0032.2	FOXC1	WAWGTAAAYAW	2.4e-3	   4.1e-6	         -12.40	        -1.0	   1012.0	       1990	        2048	       3617	  0.50854	2.1e-12	   1979052	        4080	       7521	3.8e-3	          -5.57	1.0e0	           0.00	
   1	MA0897.1	Hmx2	ASAAGCAATTAAHVVRT	2.5e-3	   4.4e-6	         -12.34	      -112.5	   1065.0	       1984	        1966	       3294	  0.53679	2.2e-12	   1967133	        3985	       6969	4.6e-3	          -5.39	1.0e0	           0.00	
   1	MA0688.1	TBX2	DAGGTGTGAAA	3.1e-3	   5.4e-6	         -12.13	        81.0	   1462.0	       1990	        2891	       3688	  0.73467	2.7e-12	   1979052	        5824	       7638	2.6e-2	          -3.64	1.0e0	           0.00	
   1	MA0104.4	MYCN	VVCCACGTGGBB	4.4e-3	   7.6e-6	         -11.79	       864.0	    221.0	       1989	         506	       3374	  0.11111	3.8e-12	   1979052	         948	       6936	5.2e-5	          -9.87	1.0e0	           0.00	
   1	MA0608.1	Creb3l2	GCCACGTGD	4.9e-3	   8.5e-6	         -11.68	       935.5	     73.0	       1992	         121	       1683	  0.03665	4.3e-12	   1983033	         212	       3416	5.9e-7	         -14.34	1.0e0	           0.00	
   1	MA0712.1	OTX2	YTAATCCB	5.8e-3	   1.0e-5	         -11.51	       -73.5	   1422.0	       1993	        2796	       3662	  0.71350	5.1e-12	   1987018	        5646	       7601	1.2e-2	          -4.43	1.0e0	           0.00	
   1	MA0651.1	HOXC11	RGTCGTAAAAN	6.0e-3	   1.0e-5	         -11.48	      -135.5	   1109.0	       1990	        1932	       3128	  0.55729	5.2e-12	   1979052	        3913	       6610	1.3e-2	          -4.35	1.0e0	           0.00	
   1	MA0650.1	HOXA13	CYAATAAAAM	6.2e-3	   1.1e-5	         -11.45	       -29.5	    976.0	       1991	        1955	       3572	  0.49021	5.4e-12	   1983033	        3867	       7495	1.0e0	          -0.00	1.0e0	           0.00	
   1	MA0814.1	TFAP2C(var.2)	HGCCTSAGGCD	7.2e-3	   1.2e-5	         -11.29	       939.0	    106.0	       1990	         292	       3631	  0.05327	6.3e-12	   1979052	         555	       7514	6.4e-8	         -16.56	1.0e0	           0.00	
   1	MA0497.1	MEF2C	DDDCYAAAAATAGMW	7.7e-3	   1.3e-5	         -11.23	      -156.5	    899.0	       1986	        1810	       3552	  0.45267	6.8e-12	   1971102	        3634	       7447	9.7e-4	          -6.94	1.0e0	           0.00	
   1	MA0135.1	Lhx3	WAATTAATTAWYY	8.4e-3	   1.4e-5	         -11.14	       144.0	   1394.0	       1988	        2115	       2787	  0.70121	7.3e-12	   1975075	        4402	       6021	2.9e-1	          -1.25	1.0e0	           0.00	
   1	MA0636.1	BHLHE41	RTCACGTGAC	1.4e-2	   2.4e-5	         -10.64	      -968.0	     21.0	       1991	          38	        963	  0.01055	1.2e-11	   1983033	          46	       1947	6.3e-1	          -0.46	1.0e0	           0.00	
   1	MA0609.1	Crem	NATGACGTMA	1.8e-2	   3.2e-5	         -10.37	      -906.5	    178.0	       1991	         186	       1257	  0.08940	1.6e-11	   1983033	         334	       2733	1.2e-2	          -4.45	1.0e0	           0.00	
   1	MA0908.1	HOXD11	RTCGTAAAAH	2.6e-2	   4.6e-5	          -9.99	       -78.0	    995.0	       1991	        1870	       3360	  0.49975	2.3e-11	   1983033	        3720	       7041	8.2e-1	          -0.19	1.0e0	           0.00	
   1	MA0084.1	SRY	NWWAACAAT	2.8e-2	   4.8e-5	          -9.94	      -202.5	   1255.0	       1992	        2509	       3679	  0.63002	2.4e-11	   1983033	        4999	       7623	9.5e-1	          -0.05	1.0e0	           0.00	
   1	MA0877.1	Barhl1	NNTAAWTGNB	3.0e-2	   5.3e-5	          -9.85	      -156.0	   1259.0	       1991	        2521	       3685	  0.63235	2.6e-11	   1983033	        5089	       7633	4.1e-4	          -7.79	1.0e0	           0.00	
   1	MA0024.3	E2F1	TTTGGCGCCAAA	4.4e-2	   7.6e-5	          -9.49	       819.0	    293.0	       1989	         467	       2370	  0.14731	3.8e-11	   1979052	         868	       4883	5.4e-3	          -5.22	1.0e0	           0.00	
   1	MA0713.1	PHOX2A	TAATYYAATTA	5.4e-2	   9.4e-5	          -9.27	        -1.5	   1539.0	       1990	        2800	       3420	  0.77337	4.7e-11	   1979052	        5820	       7243	5.3e-4	          -7.55	1.0e0	           0.00	
   1	MA0031.1	FOXD1	GTAAACAW	5.7e-2	   9.8e-5	          -9.23	        -2.0	   1655.0	       1993	        3131	       3600	  0.83041	4.9e-11	   1987018	        6478	       7523	3.7e-7	         -14.81	1.0e0	           0.00	
   1	MA0629.1	Rhox11	ANKNCGCTGTWAWDVRW	6.0e-2	   1.0e-4	          -9.18	       -71.5	   1373.0	       1984	        2640	       3561	  0.69204	5.2e-11	   1967133	        5336	       7424	4.1e-1	          -0.90	1.0e0	           0.00	
   1	MA0601.1	Arid3b	ATATTAATWAN	6.0e-2	   1.0e-4	          -9.17	        19.0	   1686.0	       1990	        3145	       3554	  0.84724	5.3e-11	   1979052	        6530	       7472	4.8e-5	          -9.95	1.0e0	           0.00	
   1	MA0657.1	KLF13	RTGMCACGCCCCTTTTTG	6.2e-2	   1.1e-4	          -9.14	       887.5	    206.0	       1983	         158	        900	  0.10388	5.5e-11	   1967133	         316	       1781	1.1e-14	         -32.14	1.0e0	           0.00	
   1	MA0910.1	Hoxd8	TAADTAATTAATRGCTN	6.3e-2	   1.1e-4	          -9.12	       -42.5	   1459.0	       1984	        2695	       3441	  0.73538	5.5e-11	   1967133	        5636	       7265	2.1e-9	         -19.99	1.0e0	           0.00	
   1	MA0898.1	Hmx3	ASAAGCAATTAAWRRAT	6.5e-2	   1.1e-4	          -9.10	       -86.0	   1118.0	       1984	        2090	       3380	  0.56351	5.7e-11	   1967133	        4315	       7139	2.8e-6	         -12.77	1.0e0	           0.00	
   1	MA0766.1	GATA5	WGATAASR	6.6e-2	   1.1e-4	          -9.09	        10.5	   1420.0	       1993	        2791	       3672	  0.71249	5.7e-11	   1987018	        5666	       7621	1.7e-3	          -6.36	1.0e0	           0.00	
   1	MA0891.1	GSC2	NYTAATCCBH	7.3e-2	   1.3e-4	          -8.99	      -115.5	   1510.0	       1991	        2961	       3688	  0.75841	6.3e-11	   1983033	        5993	       7635	4.5e-2	          -3.09	1.0e0	           0.00	
   1	MA0728.1	Nr2f6(var.2)	RAGGTCAARAGGTCA	8.1e-2	   1.4e-4	          -8.88	       -31.5	   1265.0	       1986	         817	       1123	  0.63696	7.1e-11	   1971102	        1707	       2404	3.8e-8	         -17.08	1.0e0	           0.00	
   1	MA0520.1	Stat6	BDBTTCCWSAGAAVY	9.7e-2	   1.7e-4	          -8.70	       -46.5	   1451.0	       1986	        2434	       3118	  0.73061	8.5e-11	   1971102	        4954	       6499	5.8e-3	          -5.14	1.0e0	           0.00	
   1	MA0122.2	NKX3-2	RCCACTTAA	1.1e-1	   1.9e-4	          -8.55	        67.0	   1244.0	       1992	        2486	       3684	  0.62450	9.7e-11	   1983033	        5051	       7627	7.9e-6	         -11.75	1.0e0	           0.00	
   1	MA0654.1	ISX	YYAATTAR	1.3e-1	   2.2e-4	          -8.41	       -83.5	   1128.0	       1993	        2166	       3500	  0.56598	1.1e-10	   1987018	        4431	       7321	1.1e-5	         -11.39	1.0e0	           0.00	
   1	MA0628.1	POU6F1	AYTAATTART	1.6e-1	   2.8e-4	          -8.19	      -171.0	    653.0	       1991	        1317	       3476	  0.32798	1.4e-10	   1983033	        2672	       7280	2.2e-6	         -13.01	1.0e0	           0.00	
   1	MA0690.1	TBX21	AAGGTGTGAA	2.1e-1	   3.6e-4	          -7.93	        54.5	   1516.0	       1991	        2896	       3597	  0.76143	1.8e-10	   1983033	        5949	       7487	9.2e-6	         -11.60	1.0e0	           0.00	
   1	MA0802.1	TBR1	AGGTGTGAAA	2.2e-1	   3.7e-4	          -7.90	        95.5	   1490.0	       1991	        2893	       3650	  0.74837	1.9e-10	   1983033	        5914	       7559	4.6e-6	         -12.28	1.0e0	           0.00	
   1	MA0882.1	DLX6	VYAATTAN	2.2e-1	   3.7e-4	          -7.89	       -97.5	   1156.0	       1993	        2307	       3657	  0.58003	1.9e-10	   1987018	        4695	       7603	3.2e-5	         -10.37	1.0e0	           0.00	
   1	MA0901.1	HOXB13	CCAATAAAAH	2.2e-1	   3.9e-4	          -7.86	        68.0	   1531.0	       1991	        2907	       3579	  0.76896	2.0e-10	   1983033	        5988	       7483	7.3e-5	          -9.53	1.0e0	           0.00	
   1	MA0649.1	HEY2	GRCACGTGYC	2.3e-1	   4.0e-4	          -7.82	       931.0	    111.0	       1991	         284	       3465	  0.05575	2.0e-10	   1983033	         557	       7142	1.0e-8	         -18.39	1.0e0	           0.00	
   1	MA0155.1	INSM1	TGYCWGGGGGCR	2.5e-1	   4.2e-4	          -7.77	       748.5	    490.0	       1989	         937	       3173	  0.24635	2.1e-10	   1979052	        1854	       6528	4.0e-6	         -12.44	1.0e0	           0.00	
   1	MA0887.1	EVX1	VVTAATTABS	2.6e-1	   4.4e-4	          -7.72	      -110.5	   1004.0	       1991	        2033	       3658	  0.50427	2.2e-10	   1983033	        4107	       7589	1.3e-4	          -8.98	1.0e0	           0.00	
   1	MA0682.1	Pitx1	YTAATCCH	2.7e-1	   4.6e-4	          -7.68	      -101.0	   1477.0	       1993	        2896	       3688	  0.74109	2.3e-10	   1987018	        5889	       7635	1.0e-3	          -6.90	1.0e0	           0.00	
   1	MA1111.1	NR2F2	NAAAGGTCANR	3.4e-1	   5.8e-4	          -7.45	        -2.0	   1394.0	       1990	        2748	       3680	  0.70050	2.9e-10	   1979052	        5623	       7627	1.3e-6	         -13.54	1.0e0	           0.00	
   1	MA0881.1	Dlx4	VYAATTAN	3.4e-1	   5.8e-4	          -7.44	       -80.0	   1123.0	       1993	        2255	       3672	  0.56347	2.9e-10	   1987018	        4533	       7621	3.5e-2	          -3.36	1.0e0	           0.00	
   1	MA0259.1	ARNT::HIF1A	VBACGTGC	3.5e-1	   6.1e-4	          -7.41	       929.0	    131.0	       1993	         325	       3485	  0.06573	3.1e-10	   1987018	         677	       7253	3.9e-13	         -28.58	1.0e0	           0.00	
   1	MA0033.2	FOXL1	RTAAACA	3.8e-1	   6.6e-4	          -7.33	      -245.0	   1176.0	       1994	        2335	       3649	  0.58977	3.3e-10	   1987018	        4632	       7578	1.0e0	           0.00	1.0e0	           0.00	
   1	MA0726.1	VSX2	CTAATTAN	4.0e-1	   7.0e-4	          -7.27	      -104.5	   1270.0	       1993	        2469	       3598	  0.63723	3.5e-10	   1987018	        5042	       7496	1.5e-4	          -8.83	1.0e0	           0.00	
   1	MA0714.1	PITX3	NYTAATCCC	4.4e-1	   7.7e-4	          -7.17	       -99.0	   1492.0	       1992	        2921	       3687	  0.74900	3.9e-10	   1983033	        5932	       7639	2.0e-2	          -3.94	1.0e0	           0.00	
   1	MA0147.3	MYC	NNCCACGTGCNB	4.6e-1	   8.0e-4	          -7.13	       869.5	    208.0	       1989	         495	       3605	  0.10458	4.1e-10	   1979052	         934	       7423	6.7e-3	          -5.01	1.0e0	           0.00	
   1	MA0899.1	HOXA10	DGYMATAAAAH	4.7e-1	   8.0e-4	          -7.13	         0.5	   1667.0	       1990	        3194	       3654	  0.83769	4.1e-10	   1979052	        6505	       7592	9.9e-1	          -0.01	1.0e0	           0.00	
   1	MA0756.1	ONECUT2	RAAAAATCRATAWH	4.7e-1	   8.2e-4	          -7.11	        72.0	   1251.0	       1987	        1760	       2560	  0.62959	4.1e-10	   1975075	        3748	       5543	5.0e-7	         -14.52	1.0e0	           0.00	
   1	MA0158.1	HOXA5	CDBWAATK	4.9e-1	   8.5e-4	          -7.06	       -29.0	   1217.0	       1993	        2423	       3673	  0.61064	4.3e-10	   1987018	        4917	       7624	7.1e-4	          -7.25	1.0e0	           0.00	
   1	MA0014.3	PAX5	RRGCGTGACCNN	7.1e-1	   1.2e-3	          -6.71	       954.5	     80.0	       1989	         225	       3660	  0.04022	6.2e-10	   1979052	         462	       7574	1.2e-11	         -25.15	1.0e0	           0.00	
   1	MA0046.2	HNF1A	DRTTAATNATTAACN	7.5e-1	   1.3e-3	          -6.65	       -44.0	    874.0	       1986	        1517	       3066	  0.44008	6.5e-10	   1971102	        3136	       6560	6.5e-4	          -7.33	1.0e0	           0.00	
   1	MA0880.1	Dlx3	NYAATTAN	7.5e-1	   1.3e-3	          -6.65	       -77.5	   1118.0	       1993	        2243	       3673	  0.56096	6.5e-10	   1987018	        4533	       7622	2.6e-3	          -5.96	1.0e0	           0.00	
   1	MA1100.1	ASCL1	VSAGCAGCTGSNN	7.8e-1	   1.4e-3	          -6.60	      -905.0	    174.0	       1988	         427	       3639	  0.08753	6.9e-10	   1975075	         798	       7554	7.1e-2	          -2.64	1.0e0	           0.00	
   1	MA0619.1	LIN54	DTTTRAATH	7.9e-1	   1.4e-3	          -6.60	       -45.0	   1516.0	       1992	        2569	       3188	  0.76104	6.9e-10	   1983033	        5412	       6789	1.2e-6	         -13.67	1.0e0	           0.00	
   1	MA0711.1	OTX1	HTAATCCS	7.9e-1	   1.4e-3	          -6.60	      -104.5	   1484.0	       1993	        2876	       3652	  0.74461	6.9e-10	   1987018	        5877	       7576	3.2e-4	          -8.05	1.0e0	           0.00	
   1	MA1103.1	FOXK2	WDGTAAACANV	9.9e-1	   1.7e-3	          -6.38	      -114.0	   1218.0	       1990	        2417	       3660	  0.61206	8.6e-10	   1979052	        4857	       7600	7.2e-1	          -0.32	1.0e0	           0.00	
   1	MA0480.1	Foxo1	TSYTGTTTACH	1.0e0	   1.7e-3	          -6.35	      -215.5	   1201.0	       1990	        2291	       3509	  0.60352	8.8e-10	   1979052	        4580	       7275	1.0e0	          -0.00	1.0e0	           0.00	
   1	MA0481.2	FOXP1	NDGTAAACAGNN	1.1e0	   1.8e-3	          -6.30	      -204.0	   1179.0	       1989	        2333	       3636	  0.59276	9.3e-10	   1979052	        4670	       7562	1.0e0	          -0.00	1.0e0	           0.00	
   1	MA0890.1	GBX2	RSYAATTARN	1.2e0	   2.0e-3	          -6.20	      -107.0	   1267.0	       1991	        2453	       3585	  0.63636	1.0e-9	   1983033	        4973	       7485	3.3e-1	          -1.09	1.0e0	           0.00	
   1	MA0883.1	Dmbx1	WDRWNMGGATTADKNNW	1.2e0	   2.1e-3	          -6.17	       -52.0	   1576.0	       1984	        2831	       3390	  0.79435	1.1e-9	   1967133	        5844	       7150	6.7e-1	          -0.39	1.0e0	           0.00	
   1	MA1137.1	FOSL1::JUNB	NDRTGACTCATNN	1.2e0	   2.1e-3	          -6.15	       -27.5	    949.0	       1988	        1940	       3682	  0.47736	1.1e-9	   1975075	        3784	       7616	1.0e0	           0.00	1.0e0	           0.00	
   1	MA1151.1	RORC	NWAWNTRGGTCA	1.3e0	   2.2e-3	          -6.14	       -88.5	   1206.0	       1989	        2413	       3688	  0.60633	1.1e-9	   1979052	        4800	       7638	1.0e0	           0.00	1.0e0	           0.00	
   1	MA0635.1	BARHL2	VHTAAAYGRT	1.3e0	   2.2e-3	          -6.13	      -161.0	   1367.0	       1991	        2682	       3664	  0.68659	1.1e-9	   1983033	        5474	       7596	1.1e-4	          -9.09	1.0e0	           0.00	
   1	MA0673.1	NKX2-8	VCACTTSAV	1.3e0	   2.3e-3	          -6.07	       -62.5	   1501.0	       1992	        2934	       3690	  0.75351	1.2e-9	   1983033	        5978	       7643	4.4e-3	          -5.43	1.0e0	           0.00	
   1	MA0835.1	BATF3	TGATGACGTCATCA	1.3e0	   2.3e-3	          -6.07	       958.0	     55.0	       1987	          23	        178	  0.02768	1.2e-9	   1975075	          43	        397	1.1e-7	         -16.01	1.0e0	           0.00	
   1	MA0888.1	EVX2	VVTAATTAVB	1.4e0	   2.5e-3	          -6.00	       -42.0	   1141.0	       1991	        2275	       3659	  0.57308	1.2e-9	   1983033	        4632	       7595	8.6e-5	          -9.36	1.0e0	           0.00	
   1	MA0442.2	SOX10	NDAACAAAGVN	1.5e0	   2.6e-3	          -5.95	       152.5	    385.0	       1990	         859	       3684	  0.19347	1.3e-9	   1979052	        1545	       7630	1.0e0	           0.00	1.0e0	           0.00	
   1	MA0909.1	HOXD13	CYMATAAAAH	1.5e0	   2.7e-3	          -5.93	       -63.0	   1063.0	       1991	        2062	       3531	  0.53390	1.3e-9	   1983033	        4119	       7374	1.0e0	          -0.00	1.0e0	           0.00	
   1	MA0605.1	Atf3	GATGACGT	1.6e0	   2.7e-3	          -5.91	       955.5	     82.0	       1993	         215	       3408	  0.04114	1.4e-9	   1987018	         399	       7017	3.5e-4	          -7.95	1.0e0	           0.00	
   1	MA0854.1	Alx1	CGMRYTAATTARTNMNY	1.6e0	   2.7e-3	          -5.90	      -278.0	    990.0	       1984	        1628	       2939	  0.49899	1.4e-9	   1967133	        3279	       6216	1.0e0	          -0.00	1.0e0	           0.00	
   1	MA0125.1	Nobox	TAATTRSY	1.6e0	   2.8e-3	          -5.89	       -40.0	   1147.0	       1993	        2265	       3629	  0.57551	1.4e-9	   1987018	        4647	       7546	1.2e-6	         -13.61	1.0e0	           0.00	
   1	MA0896.1	Hmx1	VSVAGCAATTAAWGVDB	1.6e0	   2.8e-3	          -5.88	         5.5	    903.0	       1984	        1723	       3404	  0.45514	1.4e-9	   1967133	        3519	       7152	4.2e-4	          -7.76	1.0e0	           0.00	
   1	MA0793.1	POU6F2	ASCTMATTAW	1.8e0	   3.0e-3	          -5.80	        21.0	   1017.0	       1991	        1992	       3553	  0.51080	1.5e-9	   1983033	        4064	       7410	9.8e-5	          -9.23	1.0e0	           0.00	
   1	MA0634.1	ALX3	YYYAATTANV	1.8e0	   3.1e-3	          -5.77	      -189.5	    814.0	       1991	        1673	       3658	  0.40884	1.6e-9	   1983033	        3330	       7601	2.1e-1	          -1.57	1.0e0	           0.00	
   1	MA0718.1	RAX	RYYAATTARH	1.9e0	   3.4e-3	          -5.70	      -118.0	   1307.0	       1991	        2545	       3622	  0.65645	1.7e-9	   1983033	        5188	       7537	4.8e-3	          -5.34	1.0e0	           0.00	
   1	MA1139.1	FOSL2::JUNB(var.2)	DATGACGTCATH	2.0e0	   3.5e-3	          -5.66	      -948.5	     74.0	       1989	         155	       2514	  0.03720	1.8e-9	   1979052	         285	       5396	1.3e-2	          -4.38	1.0e0	           0.00	
   1	MA0124.2	Nkx3-1	RCCACTTAA	2.3e0	   4.0e-3	          -5.53	        67.0	   1244.0	       1992	        2465	       3673	  0.62450	2.0e-9	   1983033	        5015	       7613	5.5e-4	          -7.50	1.0e0	           0.00	
   1	MA0019.1	Ddit3::Cebpa	VNRTGCAATMCC	2.4e0	   4.1e-3	          -5.50	         7.0	   1153.0	       1989	        2295	       3658	  0.57969	2.1e-9	   1979052	        4705	       7607	6.1e-6	         -12.01	1.0e0	           0.00	
   1	MA0030.1	FOXF2	BNAASGTAAACAAD	2.4e0	   4.1e-3	          -5.49	       -96.0	    867.0	       1987	        1329	       2696	  0.43634	2.1e-9	   1975075	        2651	       5730	1.0e0	           0.00	1.0e0	           0.00	
   1	MA0914.1	ISL2	GCAMTTAR	2.6e0	   4.4e-3	          -5.42	       -63.0	   1033.0	       1993	        2089	       3687	  0.51831	2.2e-9	   1987018	        4273	       7635	4.6e-7	         -14.60	1.0e0	           0.00	
   1	MA0068.2	PAX4	CTAATTAG	2.6e0	   4.5e-3	          -5.41	      -106.0	   1355.0	       1993	        2606	       3594	  0.67988	2.2e-9	   1987018	        5392	       7505	5.2e-7	         -14.47	1.0e0	           0.00	
   1	MA0683.1	POU4F2	RTGCATAATTAATGAG	3.1e0	   5.3e-3	          -5.24	        19.5	   1048.0	       1985	        1102	       1850	  0.52796	2.7e-9	   1971102	        2216	       3962	1.0e0	           0.00	1.0e0	           0.00	
   1	MA0720.1	Shox2	YYAATTAR	3.4e0	   5.9e-3	          -5.13	       -78.0	   1117.0	       1993	        2210	       3633	  0.56046	3.0e-9	   1987018	        4476	       7559	2.7e-2	          -3.62	1.0e0	           0.00	
   1	MA1150.1	RORB	AWWTRGGTCAH	3.5e0	   6.0e-3	          -5.12	       -39.5	   1111.0	       1990	        2234	       3687	  0.55829	3.0e-9	   1979052	        4431	       7640	1.0e0	           0.00	1.0e0	           0.00	
   1	MA0852.2	FOXK1	NRDGTAAACAAGNN	3.5e0	   6.1e-3	          -5.10	      -207.5	   1132.0	       1987	        2261	       3664	  0.56970	3.1e-9	   1975075	        4469	       7592	1.0e0	           0.00	1.0e0	           0.00	
   1	MA0071.1	RORA	AWMWAGGTCA	3.9e0	   6.8e-3	          -5.00	       -45.5	   1124.0	       1991	        1973	       3208	  0.56454	3.4e-9	   1983033	        3963	       6610	9.5e-3	          -4.66	1.0e0	           0.00	
   1	MA0600.2	RFX2	SGTTGCCATGGYAACS	4.1e0	   7.1e-3	          -4.94	      -939.5	     46.0	       1985	          39	        569	  0.02317	3.6e-9	   1971102	          43	       1077	1.0e0	           0.00	1.0e0	           0.00	
   1	MA0894.1	HESX1	GHTAATTRRH	4.2e0	   7.3e-3	          -4.92	      -118.5	   1306.0	       1991	        2445	       3482	  0.65595	3.7e-9	   1983033	        5053	       7319	4.3e-4	          -7.76	1.0e0	           0.00	
   1	MA0911.1	Hoxa11	RGTCGTAAAANT	4.4e0	   7.6e-3	          -4.88	      -150.0	   1139.0	       1989	        2163	       3484	  0.57265	3.8e-9	   1979052	        4483	       7324	8.0e-6	         -11.74	1.0e0	           0.00	
   1	MA0902.1	HOXB2	NNTMATTANN	4.8e0	   8.4e-3	          -4.78	      -172.0	   1135.0	       1991	        2266	       3672	  0.57007	4.2e-9	   1983033	        4634	       7616	1.2e-5	         -11.29	1.0e0	           0.00	
   1	MA0495.2	MAFF	DWWTTGCTGAGTCAGCAAWWW	5.1e0	   8.8e-3	          -4.73	      -108.5	   1553.0	       1980	        2753	       3339	  0.78434	4.5e-9	   1959207	        5726	       7041	2.2e-3	          -6.12	1.0e0	           0.00	
   1	MA0800.1	EOMES	RAGGTGTGAAAWN	5.1e0	   8.9e-3	          -4.72	       -15.5	   1709.0	       1988	        3261	       3657	  0.85966	4.5e-9	   1975075	        6670	       7570	3.8e-2	          -3.26	1.0e0	           0.00	
   1	MA0847.1	FOXD2	GTAAACA	5.2e0	   9.1e-3	          -4.70	      -245.0	   1176.0	       1994	        2345	       3687	  0.58977	4.6e-9	   1987018	        4633	       7633	1.0e0	           0.00	1.0e0	           0.00	
   1	MA0907.1	HOXC13	BCTCGTAAAAH	5.3e0	   9.1e-3	          -4.70	        55.0	   1318.0	       1990	        2089	       2934	  0.66231	4.6e-9	   1979052	        4344	       6269	2.1e-1	          -1.56	1.0e0	           0.00	
   1	MA0464.2	BHLHE40	VKCACGTGMC	5.3e0	   9.1e-3	          -4.70	       935.5	    116.0	       1991	         231	       2676	  0.05826	4.6e-9	   1983033	         467	       5331	1.5e-11	         -24.94	1.0e0	           0.00	
   1	MA0494.1	Nr1h3::Rxra	TGACCTNNAGTRACCYYDN	5.3e0	   9.1e-3	          -4.70	        44.5	   1185.0	       1982	        2351	       3649	  0.59788	4.7e-9	   1963168	        4734	       7546	1.4e-1	          -1.94	1.0e0	           0.00	
   1	MA0621.1	mix-a	NDTTAATTAGN	6.3e0	   1.1e-2	          -4.52	        11.5	   1183.0	       1990	        2083	       3236	  0.59447	5.5e-9	   1979052	        4427	       6919	1.1e-8	         -18.31	1.0e0	           0.00	
   1	MA0809.1	TEAD4	NRCATTCCWN	6.3e0	   1.1e-2	          -4.52	      -108.0	   1631.0	       1991	        3148	       3683	  0.81919	5.5e-9	   1983033	        6407	       7633	9.6e-1	          -0.04	1.0e0	           0.00	
   1	MA0879.1	Dlx1	NVTAATTANN	7.9e0	   1.4e-2	          -4.30	       -10.5	   1458.0	       1991	        2830	       3660	  0.73230	6.9e-9	   1983033	        5868	       7611	1.1e-8	         -18.36	1.0e0	           0.00	

# CentriMo (Local Motif Enrichment Analysis): Version 5.0.2 compiled on Aug 31 2018 at 01:15:02
# The format of this file is described at http://meme-suite.org//doc/centrimo-output-format.html.
# centrimo --oc . --verbosity 1 --local --score 5.0 --ethresh 10.0 --bfile DEG_CD44HivsCD44lo_CelllineIndep_inputSeq.2kb.promoters.bed.fa.bg --neg DEG_CD44HivsCD44lo_CelllineIndep_controlSeq.2kb.promoters.bed.fa DEG_CD44HivsCD44lo_CelllineIndep_inputSeq.2kb.promoters.bed.fa db/JASPAR/JASPAR2018_CORE_vertebrates_non-redundant.meme
